,params,Before,After
0,alpha,0.9,0.9
1,ccp_alpha,0.0,0.0
2,criterion,friedman_mse,friedman_mse
3,init,,
4,learning_rate,0.1,0.05
5,loss,squared_error,squared_error
6,max_depth,3,3
7,max_features,,sqrt
8,max_leaf_nodes,,
9,min_impurity_decrease,0.0,0.1
10,min_samples_leaf,1,3
11,min_samples_split,2,10
12,min_weight_fraction_leaf,0.0,0.0
13,n_estimators,100,260
14,n_iter_no_change,,
15,random_state,5968,5968
16,subsample,1.0,1.0
17,tol,0.0001,0.0001
18,validation_fraction,0.1,0.1
19,verbose,0,0
20,warm_start,False,False
